{
  "version": 1,
  "author": "Anonymous maker",
  "editor": "wokwi",
  "parts": [
    {
      "type": "wokwi-arduino-uno",
      "id": "uno",
      "top": 6.6,
      "left": 59,
      "rotate": 90,
      "attrs": {}
    },
    { "type": "wokwi-dht22", "id": "dht1", "top": -38.1, "left": -53.4, "attrs": {} }
  ],
  "connections": [
    [ "dht1:VCC", "uno:5V", "red", [ "v38.4" ] ],
    [ "dht1:GND", "uno:GND.2", "black", [ "v57.6" ] ],
    [ "dht1:SDA", "uno:7", "green", [ "v172.8", "h345.7", "v-86.4" ] ]
  ],
  "dependencies": {}
}